;chr1:21679222;chr1:48974581;chr1:92874412;chr1:110685490;chr1:149541366;chr1:205205733;chr10:1139722;chr10:101411323;chr11:1219791;chr11:26543869;chr11:111099915;chr11:119817694;chr12:47516803;chr12:55029528;chr13:45550944;chr13:76570105;chr14:67263548;chr15:31893018;chr15:38543492;chr16:47987964;chr16:57309691;chr17:2540667;chr17:7518290;chr17:38940896;chr18:19370663;chr19:3774291;chr19:4167317;chr19:39502658;chr19:42001597;chr19:49371622;chr19:54108230;chr19:63498199;chr2:27452869;chr2:95913840;chr2:121841706;chr2:125121921;chr20:9494947;chr20:33425471;chr20:46701380;chr22:35658831;chr22:41328889;chr3:41241105;chr3:109556666;chr3:125719993;chr3:157905432;chr3:166220249;chr4:47548695;chr5:140570086;chr6:31192591;chr7:134929839;chr8:52483473;chr8:66798404;chr9:6555391;chr9:33024300;chr9:89692838;chrX:54973532;chrX:70237945
a;0;1;1;1;1;1;1;1;1;1;1;0;1;1;1;1;1;1;0;1;1;1;1;1;1;1;1;1;1;1;1;1;1;1;1;0;1;1;1;1;1;1;1;1;1;1;1;1;0;1;0;1;1;1;1;1;0
b_1;1;1;0;0;0;1;1;0;0;0;1;1;1;0;0;0;0;0;0;0;0;0;1;1;0;1;0;1;0;0;0;0;0;0;1;1;0;0;0;0;0;0;0;0;0;1;1;0;0;0;1;1;0;0;0;0;1
b_2;0;1;1;1;1;1;1;1;1;1;1;0;1;1;1;1;1;1;0;1;1;1;1;1;1;1;1;1;1;1;1;1;1;1;1;0;1;1;1;1;1;1;1;1;1;1;1;1;0;1;0;1;1;1;1;1;0
b_3;0;1;0;0;0;1;1;0;0;0;1;0;1;0;0;0;0;0;1;0;0;0;1;1;0;1;0;1;0;0;0;0;0;0;1;0;0;0;0;0;0;0;0;0;0;1;1;0;1;0;0;1;0;0;0;0;0
c_1;1;1;0;0;0;1;1;0;0;0;1;1;1;0;0;0;0;0;0;0;0;0;1;1;0;1;0;1;0;0;0;0;0;0;1;1;0;0;0;0;0;0;0;0;0;1;1;0;0;0;1;1;0;0;0;0;1
c_2;0;1;1;1;1;1;1;1;1;1;1;0;1;1;1;1;1;1;0;1;1;1;1;1;1;1;1;1;1;1;1;1;1;1;1;0;1;1;1;1;1;1;1;1;1;1;1;1;0;1;0;1;1;1;1;1;0
c_3;0;1;0;0;0;1;1;0;0;0;1;0;1;0;0;0;0;0;1;0;0;0;1;1;0;1;0;1;0;0;0;0;0;0;1;0;0;0;0;0;0;0;0;0;0;1;1;0;1;0;0;1;0;0;0;0;0
d_1;1;1;0;0;0;1;1;0;0;0;1;1;1;0;0;0;0;0;0;0;0;0;1;1;0;1;0;1;0;0;0;0;0;0;1;1;0;0;0;0;0;0;0;0;0;1;1;0;0;0;1;1;0;0;0;0;1
d_2;0;1;1;1;1;1;1;1;1;1;1;0;1;1;1;1;1;1;0;1;1;1;1;1;1;1;1;1;1;1;1;1;1;1;1;0;1;1;1;1;1;1;1;1;1;1;1;1;0;1;0;1;1;1;1;1;0
d_3;0;1;0;0;0;1;1;0;0;0;1;0;1;0;0;0;0;0;1;0;0;0;1;1;0;1;0;1;0;0;0;0;0;0;1;0;0;0;0;0;0;0;0;0;0;1;1;0;1;0;0;1;0;0;0;0;0
e_1;1;1;0;0;0;1;1;0;0;0;1;1;1;0;0;0;0;0;0;0;0;0;1;1;0;1;0;1;0;0;0;0;0;0;1;1;0;0;0;0;0;0;0;0;0;1;1;0;0;0;1;1;0;0;0;0;1
e_2;0;1;1;1;1;1;1;1;1;1;1;0;1;1;1;1;1;1;0;1;1;1;1;1;1;1;1;1;1;1;1;1;1;1;1;0;1;1;1;1;1;1;1;1;1;1;1;1;0;1;0;1;1;1;1;1;0
e_3;0;1;0;0;0;1;1;0;0;0;1;0;1;0;0;0;0;0;1;0;0;0;1;1;0;1;0;1;0;0;0;0;0;0;1;0;0;0;0;0;0;0;0;0;0;1;1;0;1;0;0;1;0;0;0;0;0
f;0;1;0;0;0;1;1;0;0;0;1;0;1;0;0;0;0;0;1;0;0;0;1;1;0;1;0;1;0;0;0;0;0;0;1;0;0;0;0;0;0;0;0;0;0;1;1;0;1;0;0;1;0;0;0;0;0
g;0;1;0;0;0;1;1;0;0;0;1;0;1;0;0;0;0;0;1;0;0;0;1;1;0;1;0;1;0;0;0;0;0;0;1;0;0;0;0;0;0;0;0;0;0;1;1;0;1;0;0;1;0;0;0;0;0
h;0;1;0;0;0;1;1;0;0;0;1;0;1;0;0;0;0;0;1;0;0;0;1;1;0;1;0;1;0;0;0;0;0;0;1;0;0;0;0;0;0;0;0;0;0;1;1;0;1;0;0;1;0;0;0;0;0
i;0;1;0;0;0;1;1;0;0;0;1;0;1;0;0;0;0;0;1;0;0;0;1;1;0;1;0;1;0;0;0;0;0;0;1;0;0;0;0;0;0;0;0;0;0;1;1;0;1;0;0;1;0;0;0;0;0
j;0;1;0;0;0;1;1;0;0;0;1;0;1;0;0;0;0;0;1;0;0;0;1;1;0;1;0;1;0;0;0;0;0;0;1;0;0;0;0;0;0;0;0;0;0;1;1;0;1;0;0;1;0;0;0;0;0
