;chr1:23191579;chr1:183091353;chr1:185183732;chr1:244217624;chr2:26502887;chr2:86348641;chr3:52643360;chr4:70455148;chr4:74284020;chr5:139494232;chr9:37441083;chr11:61112943;chr11:75508233;chr11:107300158;chr11:120827623;chr14:23884667;chr14:61201593;chr14:72176168;chr14:75355826;chr14:93286100;chr17:47874274;chr17:26851604;chr19:3614474;chr20:33971915;chr20:35651180;chr21:31692088;chr21:31962602;chr21:38612823;chr2:100910744;chr2:20647303;chr3:5021701;chr5:79027367;chr7:30472780;chr7:127222277;chr11:26743135;chr14:75248260;chr7:100648350;chr9:90501800;chr7:92764111;chr10:91359222;chr1:46471986;chr2:242099869
R9;1;1;1;1;1;1;1;1;1;1;1;1;1;1;1;1;1;1;1;1;1;1;1;1;1;1;1;1;1;1;1;1;1;1;1;1;0;0;0;0;0;0
R6;1;1;1;1;1;1;1;1;1;1;1;1;1;1;1;1;1;1;1;1;1;1;1;1;1;1;1;1;1;1;1;1;1;1;1;1;0;0;0;0;0;0
R5_1;1;1;1;1;1;1;1;1;1;1;1;1;1;1;1;1;1;1;1;1;1;1;1;1;1;1;1;1;0;0;0;0;0;0;0;0;1;1;0;0;0;0
R5_2;1;1;1;1;1;1;1;1;1;1;1;1;1;1;1;1;1;1;1;1;1;1;1;1;1;1;1;1;0;0;0;0;0;0;0;0;0;0;1;1;0;0
R2_1;1;1;1;1;1;1;1;1;1;1;1;1;1;1;1;1;1;1;1;1;1;1;1;1;1;1;1;1;0;0;0;0;0;0;0;0;1;1;0;0;0;0
R2_2;1;1;1;1;1;1;1;1;1;1;1;1;1;1;1;1;1;1;1;1;1;1;1;1;1;1;1;1;0;0;0;0;0;0;0;0;0;0;1;1;0;0
R4;1;1;1;1;1;1;1;1;1;1;1;1;1;1;1;1;1;1;1;1;1;1;1;1;1;1;1;1;0;0;0;0;0;0;0;0;1;1;0;0;0;0
R3;1;1;1;1;1;1;1;1;1;1;1;1;1;1;1;1;1;1;1;1;1;1;1;1;1;1;1;1;0;0;0;0;0;0;0;0;0;0;0;0;0;0
R1;1;1;1;1;1;1;1;1;1;1;1;1;1;1;1;1;1;1;1;1;1;1;1;1;1;1;1;1;0;0;0;0;0;0;0;0;0;0;0;0;0;0
R7;1;1;1;1;1;1;1;1;1;1;1;1;1;1;1;1;1;1;1;1;1;1;1;1;1;1;1;1;0;0;0;0;0;0;0;0;0;0;0;0;1;1
