;chr1:10636860;chr1:17130407;chr1:64417075;chr1:77756910;chr1:85203896;chr1:114310358;chr1:155141246;chr1:165193768;chr1:169567444;chr1:175118682;chr1:175118682;chr1:202773188;chr1:209015437;chr1:221223048;chr1:234712431;chr10:5478760;chr10:7658974;chr10:45276701;chr10:50636502;chr11:59613762;chr11:78090667;chr11:111458563;chr12:2844151;chr12:6293117;chr12:33483661;chr12:51131749;chr12:108835239;chr12:115498187;chr12:122982443;chr14:23656017;chr14:64316294;chr15:42647080;chr15:46818459;chr16:14878077;chr16:46775952;chr16:51895199;chr16:66202371;chr16:66219914;chr17:4639699;chr17:73645426;chr17:78476212;chr19:6325491;chr19:8109407;chr19:11329367;chr19:14571852;chr19:17699507;chr19:18835321;chr19:44560283;chr19:45022956;chr19:47490659;chr19:49523688;chr19:56069858;chr19:57188370;chr19:57510957;chr19:63638268;chr2:16608773;chr2:80384079;chr2:96319422;chr2:137879701;chr2:171530625;chr2:172391633;chr2:179110055;chr2:180518324;chr2:181633657;chr2:182495237;chr2:191527741;chr20:6025679;chr20:30248333;chr20:31841003;chr20:42490482;chr21:36517452;chr22:21172396;chr22:24429522;chr22:36414266;chr22:37153514;chr22:43950586;chr22:45124921;chr22:49309394;chr3:38743453;chr3:62243584;chr3:115278419;chr3:151610600;chr3:170994255;chr3:171022854;chr4:6354306;chr4:8060801;chr4:8060801;chr4:8060801;chr4:17414819;chr4:47460316;chr4:72423999;chr4:110823201;chr4:144579104;chr5:72232582;chr5:140495285;chr5:140691647;chr5:156680343;chr6:3989100;chr6:25885022;chr6:26430465;chr6:30222948;chr6:35321043;chr6:84341533;chr6:121684500;chr7:4180400;chr7:62658087;chr7:138504633;chr8:39706584;chr8:49018417;chr8:57516542;chr8:122710281;chr8:140813442;chr8:145646634;chr9:720196;chr9:19048981;chr9:71280858;chr9:98561866;chr9:111939963;chr9:130306991;chr9:132738204;chr9:139447526;chrX:73729354;chrX:76732003;chrX:150663201
a_1;0;1;0;0;0;0;1;0;0;0;0;1;0;0;0;0;0;0;0;0;0;0;0;1;0;0;0;0;0;0;0;0;0;0;0;0;0;0;0;0;1;0;1;0;0;0;0;0;1;1;1;1;0;0;0;0;0;1;0;0;0;0;0;0;0;0;0;0;0;1;0;0;0;0;1;0;0;0;0;0;0;0;1;1;0;0;0;0;0;0;1;0;0;0;0;0;0;0;0;1;0;1;0;0;0;0;0;1;0;0;0;0;0;0;1;0;1;0;0;1;1;0;0;1
a_2;0;1;0;0;0;0;0;0;0;0;0;0;0;0;0;0;0;0;0;0;0;0;1;1;0;0;0;0;0;1;0;0;0;0;0;1;0;0;0;0;1;0;0;0;0;1;0;0;1;1;1;1;0;0;0;0;0;0;0;0;0;1;0;0;0;0;0;0;0;1;0;1;0;0;0;0;0;0;0;0;0;0;0;1;0;0;0;0;0;0;1;0;0;0;0;0;0;0;0;1;1;1;0;0;0;0;0;0;0;0;0;0;0;0;0;0;1;0;1;0;0;0;1;1
b_1;1;1;0;0;0;0;1;0;0;0;0;1;0;0;0;0;0;0;0;0;1;0;0;1;1;1;0;0;0;0;0;0;1;0;0;0;0;0;0;0;1;1;1;0;0;0;0;0;1;1;1;1;0;0;0;0;0;1;1;0;0;0;0;0;1;0;0;0;0;1;0;0;0;0;1;1;0;0;0;0;0;0;1;1;1;1;1;1;1;1;1;0;0;1;0;0;1;0;0;1;0;1;0;1;0;0;0;1;0;0;1;0;1;0;1;0;1;0;0;1;1;0;0;1
b_2;0;1;0;0;0;0;0;0;1;0;0;0;0;0;1;0;0;0;1;0;0;0;1;1;0;0;0;0;0;1;0;0;0;0;0;0;0;0;0;1;1;0;0;0;0;1;0;0;1;1;1;1;0;0;0;0;0;0;0;0;0;0;0;0;0;0;0;0;0;1;0;1;0;1;0;0;0;0;0;0;0;0;0;1;0;0;0;0;0;0;1;0;0;0;0;0;0;0;0;1;0;1;0;0;0;0;0;0;0;1;0;0;0;0;0;0;1;0;0;0;0;0;0;1
c;0;1;1;1;1;1;1;1;0;1;1;1;1;1;0;1;1;1;0;1;0;1;0;1;0;0;1;1;1;0;1;1;0;1;1;0;1;1;1;0;1;0;1;1;0;0;1;1;1;1;1;1;1;1;1;1;1;1;0;1;1;0;1;1;0;1;1;1;1;1;1;0;1;0;1;0;1;1;1;1;1;1;1;1;0;0;0;0;0;0;1;1;1;0;1;1;0;1;1;1;0;1;1;0;0;1;1;1;1;0;0;1;0;1;1;1;1;1;0;1;1;1;0;1
d;0;1;0;0;0;0;0;0;0;0;0;0;0;0;0;0;0;0;0;0;0;0;1;1;0;0;0;0;0;0;0;0;0;0;0;0;0;0;0;0;1;0;0;0;0;0;0;0;1;1;1;1;0;0;0;0;0;0;0;0;0;0;0;0;0;0;0;0;0;1;0;1;0;0;0;0;0;0;0;0;0;0;0;1;0;0;0;0;0;0;1;0;0;0;0;0;0;0;0;1;0;1;0;0;0;0;0;0;0;0;0;0;0;0;0;0;1;0;0;0;0;0;0;1
e_1;0;1;0;0;0;0;0;0;0;0;0;0;0;0;0;0;0;0;0;0;0;0;1;1;0;0;0;0;0;0;0;0;0;0;0;0;0;0;0;0;1;0;0;0;0;0;0;0;1;1;1;1;0;0;0;0;0;0;0;0;0;0;0;0;0;0;0;0;0;1;0;1;0;0;0;0;0;0;0;0;0;0;0;1;0;0;0;0;0;0;1;0;0;0;0;0;0;0;0;1;0;1;0;0;0;0;0;0;0;0;0;0;0;0;0;0;1;0;0;0;0;0;0;1
e_2;0;1;0;0;0;0;1;0;0;0;0;1;0;0;0;0;0;0;0;0;0;0;0;1;0;0;0;0;0;0;0;0;1;0;0;0;0;0;0;0;1;0;1;0;0;0;0;0;1;1;1;1;0;0;0;0;0;1;0;0;0;0;0;0;0;0;0;0;0;1;0;0;0;0;1;1;0;0;0;0;0;0;1;1;0;0;0;0;0;0;1;0;0;0;0;0;0;0;0;1;0;1;0;0;0;0;0;1;0;0;0;0;1;0;1;0;1;0;0;1;1;0;0;1
f_1;0;1;0;0;0;0;0;0;0;0;0;0;0;0;0;0;0;0;0;0;0;0;1;1;0;0;0;0;0;0;0;0;0;0;0;0;0;0;0;0;1;0;0;0;0;0;0;0;1;1;1;1;0;0;0;0;0;0;0;0;0;0;0;0;0;0;0;0;0;1;0;1;0;0;0;0;0;0;0;0;0;0;0;1;0;0;0;0;0;0;1;0;0;0;0;0;0;0;0;1;0;1;0;0;0;0;0;0;0;0;0;0;0;0;0;0;1;0;0;0;0;0;0;1
f_2;1;1;0;0;0;0;1;0;0;0;0;1;0;0;0;0;0;0;0;0;1;0;0;1;1;1;0;0;0;0;0;0;1;0;0;0;0;0;0;0;1;1;1;0;1;0;0;0;1;1;1;1;0;0;0;0;0;1;1;0;0;0;0;0;1;0;0;0;0;1;0;0;0;0;1;1;0;0;0;0;0;0;1;1;1;1;1;1;1;1;1;0;0;1;0;0;1;0;0;1;0;1;0;1;1;0;0;1;0;0;1;0;1;0;1;0;1;0;0;1;1;0;0;1
