#chrom	pos	DESC	Normal	SA501X1A	SA501X2A	SA501X4
1	18702842	desc	0	0.4791683619	0.5476563241	0.4888364194
1	42853620	desc	0	0.041664617	0.2076849794	0.517214453
1	55929709	desc	0	0.5132181882	0.5941043084	0.5305023923
1	78032946	desc	0	0.6958754348	0.7508951407	0.7417604027
1	115615286	desc	0	0.4107777339	0.254027041	0.4926695072
1	152127514	desc	0	0.0400422352	0.0616715914	0.073437058
1	154513581	desc	0	0.325311613	0.284940183	0.5210886292
1	159043124	desc	0	0.1866685144	0.3053445408	0.2065582236
1	160001181	desc	0	0.0241403094	0.0009661252	0.0009602305
1	161693298	desc	0	0.3821711599	0.3419372368	0.3672775431
1	165131451	desc	0	0.0355142163	0.0687186593	0.3268819712
1	170404350	desc	0	0.1149471005	0.1160645657	0.3112307316
1	186261383	desc	0	0.6849832825	0.5960490463	0.6844885545
1	188927398	desc	0	0.2397043295	0.2113276492	0.2668519805
1	204546758	desc	0	0	0	0
1	219321258	desc	0	0.000598444	0.0005269629	0
1	245582899	desc	0	0.0674083049	0.0604485091	0.0079266546
1	248869969	desc	0	0.6826637908	0.6997669261	0.7724976504
10	55582495	desc	0	0.4584651065	0.2579826135	0.5341042103
10	71707093	desc	0	0.4418265221	0.5184660886	0.4171082152
10	103881502	desc	0	0.4880644764	0.3595743075	0.3902370044
10	105971797	desc	0	0.5324507707	0.5657307453	0.4998488969
10	107030673	desc	0	0.0672801328	0.0623136977	0.0766606148
10	123340263	desc	0	0.0007668712	0.0005985236	0.8425802293
10	133486157	desc	0	0.9288992775	0.8284433881	0.9972940794
11	1093393	desc	0	0.001618123	0.0019685039	0.0024824162
11	7924520	desc	0	0.4886439228	0.4072562127	0.4205507768
11	36903890	desc	0	0.075412859	0.0559681698	0.2529720662
11	59132274	desc	0	0.0043423719	0.064690027	0.474102169
11	81631517	desc	0	0.0813084112	0.2001707213	0.0010397713
11	107750898	desc	0	0.6401450946	0.2561559636	0.8316387053
11	118252198	desc	0	0	0.0016450375	0
11	128218739	desc	0	0.0917030568	0.1657142857	0.7531914894
12	988858	desc	0	0.3443146388	0.164047619	0.443142773
12	2285637	desc	0	0.1353736089	0.1100843712	0.3448021808
12	3912807	desc	0	0.0020644677	0.0013635509	0.0023013269
12	14856407	desc	0	0.6627056673	0.6293604651	0.6838632274
12	50859599	desc	0	0.8492562929	0.5839641155	0.9986304781
12	86618610	desc	0	0.5606205251	0.3563207083	0.436461327
12	103526870	desc	0	0.0862455128	0.1417347779	0.3457821219
12	106824456	desc	0	0.1561126761	0.1502872694	0.399307659
12	117947771	desc	0	0	4.02430681315143E-005	0
13	23226901	desc	0	0.1449995131	0.1946599103	0.4981336953
13	73005422	desc	0	0.0186989729	0.0269360269	0.366807611
13	92689525	desc	0	0.0131248794	0.0614631063	0.0004274113
13	101175612	desc	0	0.0968450601	0.1541479126	0.4180049047
13	109847060	desc	0	0.5331900027	0.571879495	0.5608246065
14	23826560	desc	0	0.9994276175	0.9993291434	0.999554746
14	24458172	desc	0	0.9982065997	0.9975779105	0.9981066123
14	32870929	desc	0	0.7652542373	0.3097330729	0.9994891443
14	59333125	desc	0	0.443866678	0.1812929249	0.8746846089
14	74664338	desc	0	0.2257476848	0.2584997106	0.8602295178
14	74753190	desc	0	0.9992173604	0.9990915543	0.9991543665
14	94089175	desc	0	0.4535891089	0.4772460753	0.3785711341
14	96707335	desc	0	0.0957419243	0.1298138766	0.3523447832
14	96742405	desc	0	0.3636836088	0.3157894737	0.323680938
14	97985132	desc	0	0.0483863688	0.0613686962	0.3683834815
14	103440617	desc	0	0.0038058991	0.0033639144	0.0023818248
14	104445157	desc	0	0.0706688155	0.1234140715	0.3593894068
15	40751965	desc	0	0.0372912653	0.031431119	0.0001659889
15	80004536	desc	0	0.5714285714	0.5	0.8181818182
15	90347118	desc	0	0.0010424268	0.0012405922	0.0011115557
15	98818617	desc	0	0.2265999583	0.091901361	0.0007390983
15	98864731	desc	0	0.6042497871	0.4177828083	0.996759154
16	775813	desc	0	0.9770003975	0.70967097	0.9990057845
16	3283716	desc	0	0.1186571113	0.0622486623	0.0005701254
16	6059533	desc	0	0.4326887997	0.4553424658	0.5134328358
16	64214991	desc	0	0.4341385597	0.6019288327	0.4456660701
16	67698969	desc	0	0.0004219409	9.71565515901289E-005	0.0021719155
16	89017620	desc	0	0.0261437908	0.0373134328	0.020661157
17	1554124	desc	0	0.1540763359	0.6831368092	0.0040711378
17	6153515	desc	0	0.1088042634	0.174973675	0.9495266682
17	7576897	desc	0	0.998211269	0.9980917151	0.998893091
17	26851545	desc	0	0.9984996249	0.9987549519	0.9982642333
17	38652607	desc	0	0.0007525021	0.195811365	0.8419546807
17	46000496	desc	0	0.0639987038	0.0431429029	0.0250086635
17	55596638	desc	0	0	9.85464400098546E-005	0.0004046672
17	65955758	desc	0	0	0	0
17	71010611	desc	0	1	1	1
18	35515066	desc	0	0.4966858153	0.5039490446	0.5091034009
18	55021734	desc	0	0.5345849802	0.5237321916	0.5159093328
18	69991369	desc	0	0	0.000479578	0.0006731287
19	1119929	desc	0	0.4653540807	0.5664133828	0.3952706045
19	4033507	desc	0	0.4	0.4167033397	0.4814814815
19	19459707	desc	0	0.4346347436	0.4975064229	0.4880804841
19	31962121	desc	0	0.6108588004	0.5252792246	0.5042752795
19	37858870	desc	0	0.4063322884	0.4584122404	0.4952770474
19	51485601	desc	0	0.5169281024	0.2990757977	0.4239493651
19	54968069	desc	0	0.4278937381	0.51631242	0.5008953697
2	12789692	desc	0	0.0008772609	0.0022722969	0.8811494405
2	28791757	desc	0	0.0626049848	0.0798344996	0.3594484199
2	30143399	desc	0	0.1753953123	0.2725261259	0.0082096266
2	37229508	desc	0	0.4562921235	0.4322167858	0.5329487681
2	45941842	desc	0	0.2378974359	0.2088384201	0.4126831213
2	54570864	desc	0	0.7600869447	0.7886438087	0.7473899228
2	84931243	desc	0	0.3932537709	0.198108747	0.4469714028
2	97582958	desc	0	0.3792462845	0.2058384475	0.5456660849
2	116269918	desc	0	0.5901639344	0.3902439024	0.6906077348
2	131799024	desc	0	0.0004615677	0.0005916285	0.4045796309
2	152063945	desc	0	0.0201557803	0.1550353357	0.0006977285
2	152424933	desc	0	0.0006643783	0.0009022556	0.0008498146
2	162688700	desc	0	0.0004527538	0.0002442855	0.7146624473
2	187559050	desc	0	0.0708686329	0.0784977232	0.0616771105
2	187559053	desc	0	0.0041451505	0.0039250073	0.0040813454
2	210594921	desc	0	0.9996872487	0.9990910271	0.9985697149
2	214486670	desc	0	0.9991407593	0.9993223293	0.9991953653
2	231379852	desc	0	0.0009682104	0.001393081	0.0008895478
2	242741301	desc	0	0.946177755	0.4224066879	0.9975472251
20	3209183	desc	0	0.1743183002	0.564927979	0.0010393601
20	11639405	desc	0	0.0009170386	0.0010210035	0.7898269033
20	19953277	desc	0	0.9967967385	0.9996008098	0.9993230577
20	32746910	desc	0	0.0823620824	0.1204123711	0.4722932651
20	42581181	desc	0	0.1590909091	0	0.0540540541
20	49487061	desc	0	0.1917199391	0.2293494152	0.9253645434
20	59270170	desc	0	0.057410434	0.1039619509	0.3257608567
20	61957466	desc	0	0.375282167	0.6040160053	0.524470115
21	43645837	desc	0	0.99888	0.9979128983	0.9986887157
21	45413779	desc	0	0.7210538546	0.2761840553	0.9205232756
22	19710966	desc	0	0.4645128029	0.3976537888	0.4742073805
22	38071713	desc	0	0.5169833045	0.4901864089	0.4574991795
22	45283999	desc	0	0.4290540541	0.6245429125	0.4740359897
22	49495731	desc	0	0.03125	0	0.0727272727
3	17768519	desc	0	0.111218161	0.1468504193	0.4578610649
3	49847839	desc	0	0.0003167954	0.0004866997	0.867640848
3	49847840	desc	0	0.0006688021	0.0005539887	0.8685439067
3	54008933	desc	0	0.0009946869	0.0004439183	0.8644585389
3	123987727	desc	0	0.3224470068	0.1227154999	0.3700407583
3	138223058	desc	0	0.7140970617	0.6900462963	0.7218382861
3	141497233	desc	0	0.040373707	0.1037521872	0.0068832677
3	148872896	desc	0	0.1321321321	0.0176390773	0.0106951872
3	185238946	desc	0	0.0005830734	0.0007845906	0.7194892978
4	26526103	desc	0	0.0006281615	0.0006421783	0.6809771259
4	44939148	desc	0	0.3328620971	0.2057525234	0.9362440006
4	73935291	desc	0	0.4005952992	0.4155977735	0.4794295118
4	91375841	desc	0	0.0896957487	0.1036792133	0.4430668951
4	102470176	desc	0	0.056408557	0.0608192386	0.4139694898
4	137852235	desc	0	0.0762551278	0.1137642726	0.2887287559
4	153690908	desc	0	0.9975133215	0.9995470809	0.9994394619
4	156763455	desc	0	0.7857142857	0.9995832755	0.5333333333
4	169182097	desc	0	0.9995404412	0.999758629	0.9987566055
4	187838926	desc	0	0.0008586639	0.1118049873	0.7933223816
5	2813046	desc	0	0.9415841584	0.9296320207	0.9579643405
5	9570250	desc	0	0.4887637118	0.5769036813	0.4714576271
5	15310341	desc	0	0.4075735294	0.4436924167	0.5154882155
5	20445228	desc	0	0.4992664012	0.495786147	0.5615720524
5	58033578	desc	0	0.0004178855	0.0010232886	0.7954483231
5	127728855	desc	0	0.1529874487	0.1084668822	0.3194840727
5	135388634	desc	0	0.4379093005	0.2425138736	0.5226412714
5	140431090	desc	0	0.0003549176	0.000668243	0.4100281762
5	145417271	desc	0	0.0476190476	0.0555555556	0.0555555556
5	156642298	desc	0	0.5683882934	0.3755102041	0.8919435629
5	169143220	desc	0	0.0002957996	0.000733847	0.0006117871
6	1102387	desc	0	0.2764057538	0.4287489341	0.2062555109
6	3248228	desc	0	0.2938660965	0.2142857143	0.3148617016
6	11213615	desc	0	0.7168883598	0.6333982094	0.7436914035
6	24547529	desc	0	0.6076241817	0.5466437409	0.6060606061
6	24667074	desc	0	0.000166917	0.0007853403	0.0006136852
6	31124800	desc	0	0.0051092819	0.0081619327	0.0057435579
6	32549416	desc	0	0.3847191011	0.3677543186	0.3666666667
6	34950925	desc	0	0.0721691678	0.2609708738	0.0044590164
6	43410792	desc	0	0.4472359509	0.5103545905	0.5211646283
6	79509700	desc	0	0.2168470658	0.1738586617	0.3007117438
6	83171641	desc	0	0.0268288958	0.0003574178	0.000486547
6	111211499	desc	0	0.2418111753	0.1613636364	0.4351289833
6	148391602	desc	0	0	0	0
7	4296130	desc	0	0.5845928989	0.4036715984	0.8457856044
7	4763620	desc	0	0.0038733351	0.0015083571	0.0105263158
7	29976211	desc	0	0.4385444252	0.290788472	0.5296343435
7	38471807	desc	0	0.002326408	0.0011106997	0.4060637322
7	47819651	desc	0	0.5473515249	0.5227129338	0.552014652
7	51204012	desc	0	0.4907251265	0.5348334639	0.4767275993
7	63755160	desc	0	0.1628768979	0.1054305079	0.3526941292
7	65601792	desc	0	0.5498783455	0.348728507	0.4411352815
7	80054858	desc	0	0.0712701613	0.148805537	0.3888542788
7	82545108	desc	0	0.4432355369	0.4580188679	0.5294432389
7	121096062	desc	0	0.059143132	0.1020440438	0.4992501317
7	128487898	desc	0	0.0026242945	0.0163904488	0.0107337392
7	141223355	desc	0	0.1636008278	0.1737883042	0.1325921909
8	371036	desc	0	0.2874588184	0.3764002585	0.829956879
8	442404	desc	0	0.5268437965	0.5169873356	0.0951164538
8	1975748	desc	0	0.3848402875	0.2032330406	0.9244581816
8	2557388	desc	0	0.4140648191	0.4770840852	0.8586676125
8	2745345	desc	0	0.4986383442	0.514273706	0.0740666197
8	16620057	desc	0	0.0015772871	0.0025188917	0.0131868132
8	24429322	desc	0	0.245909612	0.06030488	0.0851055706
8	29332085	desc	0	0.5334214208	0.5537088154	0.9269267088
8	40962969	desc	0	0.4319917884	0.4244404425	0.0365751289
8	53791614	desc	0	0.4222222222	0.3263888889	0.976744186
8	69934034	desc	0	0.1176470588	0.1090909091	0.1346153846
8	95470606	desc	0	5.40160967968455E-005	0.0021824984	0.8691934556
8	133498655	desc	0	0.0006298221	7.11895778458034E-005	0
8	135303945	desc	0	0.3645364536	0.4000393546	0.571752327
8	141810564	desc	0	0	0	0.0008295313
8	143714924	desc	0	0.3242503889	0.2580793243	0.010576558
8	144522222	desc	0	0.0028089888	0.0014836795	0.0016273393
9	1576946	desc	0	0.4331870276	0.506335054	0.4542253521
9	14775852	desc	0	0.0010276025	0.0006032219	0.4215011334
9	16917400	desc	0	0.7	0.5514705882	0.5526315789
9	35609023	desc	0	0.5259987707	0.4813545299	0.4688120672
9	120700669	desc	0	0.522722987	0.4739725216	0.4578093041
9	127990318	desc	0	0.553690901	0.5563400011	0.479184367
X	2408374	desc	0	0.4769528182	0.5715733604	0.8922685132
X	89177381	desc	0	0.0002231209	0.0003358826	0.0732204962
X	107378732	desc	0	0.4570716445	0.5269191643	0.1064771668
X	138867418	desc	0	0.5214916026	0.7294754593	0.074486549
X	154436740	desc	0	0.3195478357	0.1553563807	0.0797951583
